Author,Title,
William Bolton,Mechatronics: Electronic Control Systems in Mechanical Engineering,
William Bolton,Instrumentation and control systems,
William Bolton,Programmable Logic Controllers,
William Bolton,Engineering Science,
William Bolton,Higher Engineering Science,
William Bolton,Mechatronics: A Multidisciplinary Approach,
William Bolton,Mechanical Science,
William Bolton,Control Engineering,
William Bolton,Materials for Engineering,
William Bolton,Industrial Control And Instrumentation,
William Bolton,Control Systems,
William Bolton,Mathematics for Engineering,
William Bolton,Engineering Materials,
William Bolton,Mechanical Science,
William Bolton,Newnes Engineering Materials Pocket Book,
William Bolton,Pneumatic and Hydraulic System,
William Bolton,Engineering and Commercial Functions,
William Bolton,"Production Technology: Processes, Materials and Planning ",
William Bolton,Manufacturing Technology for Higher Technicians,
Harriet Beecher Stowe,Uncle Tom's Cabin,
Harriet Beecher Stowe,Dred: A Tale of the Great Dismal Swamp,
Harriet Beecher Stowe,The Minister's Wooing,
Harriet Beecher Stowe,A Key to Uncle Tom's Cabin,
Harriet Beecher Stowe,Old Town Folks,
Harriet Beecher Stowe,The Pearl of Orr's Island,
Harriet Beecher Stowe,Palmetto Leaves,
Harriet Beecher Stowe,Pink and white tyranny,
Harriet Beecher Stowe,Lady Byron vindicated,
Harriet Beecher Stowe,Collected Works of Harriet Beecher Stowe,
Harriet Beecher Stowe,Life and letters of Harriet Beecher Stowe,
Harriet Beecher Stowe,Stories and sketches for the young,
Harriet Beecher Stowe,"Little Pussy Willow, Also, the Minister's Watermelons",
Harriet Beecher Stowe,Uncle Tom's Cabin: Unabridged with 120 Original Illustrations,
Harriet Beecher Stowe,The Colored Patriots of the American Revolution,
Jules Verne,Twenty Thousand Leagues Under the Sea,
Jules Verne,Around the World in Eighty Days,
Jules Verne,Journey to the Center of the Earth,
Jules Verne,L'île mystérieuse,
Jules Verne,From the Earth to the Moon (De la Terre à la Lune),
Jules Verne,Five Weeks in a Balloon,
Jules Verne,In Search of the Castaways,
Jules Verne,Michael Strogoff: The Courier of the Czar,
Jules Verne,Around the Moon,
Jules Verne,"Dick Sand, A Captain at Fifteen",
Jules Verne,Die Abenteuer des Kapitäns Hatteras,
Jules Verne,Two Years' Vacation (Deux ans de vacances),
Jules Verne,Master of the World,
Jules Verne,Eight Hundred Leagues on the Amazon,
Jules Verne,Off on a Comet,
Jules Verne,Robur the Conqueror,
Jules Verne,The Underground City,
Jules Verne,The Carpathian Castle,
Jules Verne,The Survivors of the Chancellor,
Jules Verne,Paris in the Twentieth Century,
Jules Verne,The Fur Country,
Jules Verne,Facing the Flag,
Jules Verne,An Antarctic Mystery Illustrated,
Jules Verne,The Purchase of the North Pole,
Jules Verne,The Steam House,
Jules Verne,Shipwrecked Family: Marooned with Uncle Robinson,
Jules Verne,The Begum's Fortune,
Jules Verne,The Lighthouse at the End of the World,
Jules Verne,The Lottery Ticket,
Jules Verne,Mathias Sandorf,
Jules Verne,A Floating City,
Jules Verne,Tribulations of a Chinaman in China,
Jules Verne,Propeller Island,
Jules Verne,Claudius Bombarnac,
Jules Verne,The Archipelago on Fire,
Jules Verne,The Adventures of Three Englishmen and Three Russians in South Africa,
Jules Verne,The Vanished Diamond,
Jules Verne,The Green Ray,
Jules Verne,Kéraban the Inflexible,
Jules Verne,Invasion of the Sea,
Jules Verne,Mistress Branican,
Jules Verne,César Cascabel,
Jules Verne,The Blockade Runners,
Jules Verne,"Texar's Revenge, or, North Against South",
Jules Verne,The Chase of the Golden Meteor,
Jules Verne,The Kip Brothers,
Jules Verne,The Will of an Eccentric,
Jules Verne,The Flight to France,
Jules Verne,Family Without a Name,
F. Scott Fitzgerald,The Great Gatsby,
F. Scott Fitzgerald,Tender Is the Night,
F. Scott Fitzgerald,This Side of Paradise,
F. Scott Fitzgerald,The Beautiful and Damned,
F. Scott Fitzgerald,The Love of the Last Tycoon,
F. Scott Fitzgerald,The Short Stories of F. Scott Fitzgerald,
F. Scott Fitzgerald,"Six Tales of the Jazz Age, and Other Stories",
F. Scott Fitzgerald,The Curious Case of Benjamin Button,
F. Scott Fitzgerald,The Diamond as Big as the Ritz,
F. Scott Fitzgerald,The Crack-Up,
F. Scott Fitzgerald,Flappers and Philosophers,
F. Scott Fitzgerald,All the Sad Young Men,
F. Scott Fitzgerald,"Dear Scott, Dearest Zelda: The Love Letters of F. Scott and Zelda Fitzgerald",
F. Scott Fitzgerald,The Vegetable,
F. Scott Fitzgerald,The Basil and Josephine Stories,
F. Scott Fitzgerald,The Pat Hobby Stories,
F. Scott Fitzgerald,Taps at Reveille,
F. Scott Fitzgerald,I'd Die for You and Other Lost StoriesI'd Die for You and Other Lost Stories,
F. Scott Fitzgerald,Babylon Revisited and Other Stories,
F. Scott Fitzgerald,The Jelly-bean,
F. Scott Fitzgerald,The letters of F. Scott Fitzgerald,
F. Scott Fitzgerald,Porcelain and Pink: Large Print,
F. Scott Fitzgerald,The Best Early Stories of F. Scott Fitzgerald,
F. Scott Fitzgerald,The Lees of Happiness,
F. Scott Fitzgerald,The Four Fists,
F. Scott Fitzgerald,The Great Gatsby: A Novel: Illustrated Edition,
F. Scott Fitzgerald,Dalyrimple Goes Wrong,
F. Scott Fitzgerald,The Sensible Thing,
F. Scott Fitzgerald,Tarquin of Cheapside,
F. Scott Fitzgerald,Best of F. Scott Fitzgerald,
F. Scott Fitzgerald,"Under the Red, White, and Blue",
F. Scott Fitzgerald,Echoes of the Jazz Age,
F. Scott Fitzgerald,The Curious Case of Benjamin Button and Other Stories,
F. Scott Fitzgerald,An Alcoholic Case,
F. Scott Fitzgerald,Love in the Night,
F. Scott Fitzgerald,Bernice Bobs Her Hair and Other Stories,
F. Scott Fitzgerald,On Booze,
Ernest Hemingway,The Old Man and the Sea,
Ernest Hemingway,A Farewell to Arms,
Ernest Hemingway,For Whom the Bell Tolls,
Ernest Hemingway,The Sun Also Rises,
Ernest Hemingway,A Moveable Feast,
Ernest Hemingway,To Have and Have Not,
Ernest Hemingway,In Our Time,
Ernest Hemingway,Death in the Afternoon,
Ernest Hemingway,Green Hills of Africa,
Ernest Hemingway,Islands in the Stream,
Ernest Hemingway,Across the River and into the Trees,
Ernest Hemingway,Men Without Women,
Ernest Hemingway,The Garden of Eden,
Ernest Hemingway,The Nick Adams Stories,
Ernest Hemingway,The Torrents of Spring,
Ernest Hemingway,Winner Take Nothing,
Ernest Hemingway,The Fifth Column and the First Forty-Nine Storie,
Ernest Hemingway,The Snows of Kilimanjaro,
Ernest Hemingway,True at First Light,
Ernest Hemingway,The Dangerous Summer,
Ernest Hemingway,Three Stories and Ten Poems,
Ernest Hemingway,Ernest Hemingway on Writing,
Ernest Hemingway,The Fifth Column and Four Stories of the Spanish Civil War,
Ernest Hemingway,Hemingway on war,
Ernest Hemingway,Under Kilimanjaro,
Ernest Hemingway,Hemingway on Fishing,
Ernest Hemingway,Dateline: Toronto,
Ernest Hemingway,The essential Hemingway,
Ernest Hemingway,Men at war,
Ernest Hemingway,Hemingway on hunting,
Paul Horowitz,The Art of Electronics,
Paul Horowitz,Practical Electronics for Inventors,
Paul Horowitz,Make: Electronics: Learning Through Discovery,
Paul Horowitz,Getting Started in Electronics,
Charles K. Alexander,Fundamentals of Electric Circuits,
Charles K. Alexander,Applied Circuit Analysis,
Charles K. Alexander,Loose Leaf Fundamentals of Electric Circuits,
Charles K. Alexander,Problem Solving Made Almost Easy: A Companion to Fundamentals of Electric Circuits ,
Charles K. Alexander,ISE Fundamentals of Electric Circuits,
Charles K. Alexander,Engineering Skills for Career Success,
Charles K. Alexander,Solutions Manual to Fundamentals of Electric Circuits Charles K. Alexander,
Charles K. Alexander,Fundamentals of Electric Circuits E-Text ,
Matthew Sadiku,Numerical Techniques in Electromagnetics,
Matthew Sadiku,Fundamentals of Electric Circuits,
Matthew N.O. Sadiku,Elements of Electromagnetics ,
Matthew N.O. Sadiku,Signals and Systems: A Primer with MATLAB,
Matthew N.O. Sadiku,Emerging Internet-Based Technologies,
Matthew N.O. Sadiku,"Computational Electromagnetics with MATLAB, Fourth Edition",
Matthew N.O. Sadiku,Monte Carlo Methods for Electromagnetics ,
Matthew N.O. Sadiku,Metropolitan Area Networks ,
Matthew N.O. Sadiku,Applied Circuit Analysis,
Matthew N.O. Sadiku,Optical and Wireless Communications ,
Matthew Sadiku,Emerging Green Technologies,
Matthew Sadiku,Introduction to Broadband Communication Systems,
Matthew Sadiku,Living a Life That Pleases God Matthew N.O. Sadiku,
Matthew Sadiku,Performance Analysis of Computer Networks,
Charles K. Alexander,Problem Solving Made Almost Easy: A Companion to Fundamentals of Electric Circuits ,
Paul Scherz,Practical Electronics for Inventors,
Paul Scherz,The Evening of Life: The Challenges of Aging and Dying Well,
Paul Scherz,Science and Christian Ethics,
Simon Monk ,Programming Arduino: Getting Started with Sketches,
Simon Monk ,Programming the Raspberry Pi: Getting Started with Python,
Simon Monk ,"Hacking Electronics: Learning Electronics with Arduino and Raspberry Pi, Second Edition",
Simon Monk ,"30 Arduino Projects for the Evil Genius, Second Edition",
Simon Monk ,Raspberry Pi Cookbook: Software and Hardware Problems and Solutions,
Simon Monk ,Programming FPGAs: Getting Started with Verilog,
Simon Monk ,Make Your Own PCBs with EAGLE: From Schematic Designs to Finished Boards,
Simon Monk ,Arduino + Android Projects for the Evil Genius: Control Arduino with Your Smartphone Or Tablet,
Simon Monk ,Micro:bit for Mad Scientists: 30 Clever Coding and Electronics Projects for Kids,
Simon Monk ,15 Dangerously Mad Projects for the Evil Genius,
Simon Monk ,Practical Electronics for Inventors,
Simon Monk ,Fritzing for Inventors: Take Your Electronics Project from Prototype to Product,
Simon Monk ,Hacking Electronics: An Illustrated DIY Guide for Makers and Hobbyists,
Simon Monk ,Programming the BBC Micro:bit: Getting Started with MicroPython,
Fawwaz T. Ulaby,Fundamentals of Applied Electromagnetics,
Fawwaz T. Ulaby,Electromagnetics for Engineers,
Michel Maharbiz,Circuits ,
Fawwaz T. Ulaby,Signals and Systems: Theory and Applications,
Fawwaz T. Ulaby,Handbook of Radar Scattering Statistics For Terrain ,
Fawwaz T. Ulaby,Microwave Remote Sensing: Microwave Remote Sensing Fundamentals and Radiometry ,
Richard K Moore,Microwave Remote Sensing: Radar Remote Sensing And Surface Scattering and Emission Theory,
Fawwaz T. Ulaby,Image Processing for Engineers ,
Umberto Ravaioli,Fundamentals of Applied Electromagnetics,
Ben G. Streetman,Solid State Electronic Devices,
Ben G. Streetman,Semiconductor Device Fundamentals,
Richard C. Dorf,The Engineering Handbook,
Richard C. Dorf,Modern Control Systems,
Richard C. Dorf,Pocket Book Of Electrical Engineering Formulas,
Richard C. Dorf,Technology Ventures: From Idea to Enterprise,
Richard C. Dorf,"Sensors, Nanoscience, Biomedical Engineering, and Instruments: Sensors Nanoscience Biomedical Engineering ",
Richard C. Dorf,"Electronics, Power Electronics, Optoelectronics, Microwaves, Electromagnetics, and Radar",
Richard C. Dorf,Millennium Stocks,
Richard C. Dorf,"Technology, Humans, and Society",
Richard C. Dorf,Introduction to Electric Circuits ,
Richard C. Dorf,"Circuits, Signals, and Speech and Image Processing ",
Richard C. Dorf,MATLAB and Simulink Student Version 2011a ,
Richard C. Dorf,The Technology Management Handbook ,
Richard C. Dorf,"Circuits, Devices and Systems",
Ben G. Streetman,"Modern Control Systems, EBook, Global Edition ",
Kyotaro Nishimura,Grands Dtectives N'ont Pas Froid,
Kyotaro Nishimura,Petits Crimes Japonais,
Kyotaro Nishimura,Les Dunes De Tottori,
Kyotaro Nishimura,The Mystery Train Disappears,
Kyotaro Nishimura,Inspector Totsukawa Challenge On,
Kyotaro Nishimura,Koroshi No Soukyokusen,
Kyotaro Nishimura,Totsukawa Inspector Elegy for a Woman,
Kyotaro Nishimura,Kogen Railway,
Kyotaro Nishimura,Michinoku Satsui No Tabi,
Kyotaro Nishimura,Tohoku Shinkansen Hayate Satsujin Jiken,
Katherine Addison,The Goblin Emperor,
Katherine Addison,The Angel of the Crows,
Katherine Addison,"The Goblin Emperor (Goblin Emperor, Bk 1)",
Katherine Addison,The Witness for the Dead,
Katherine Addison,The Witness for the Dead Sneak Peek,
Katherine Addison,The Cobbler's Boy,
ElizaBeth Gilligan,"Magic's Silken Snare (Silken Magic, Book 1)",
ElizaBeth Gilligan,"The Silken Shroud (Silken Magic, Bk. 2)",
Sinclair Lewis,Babbitt,
Sinclair Lewis,Main Street,
Sinclair Lewis,"Arrowsmith, Elmer Gantry, Dodsworth",
Sinclair Lewis,It Can't Happen Here,
Sinclair Lewis,Elmer Gantry,
Sinclair Lewis,Dodsworth,
Sinclair Lewis,Our Mr. Wrenn,
Sinclair Lewis,Kingsblood Royal,
Sinclair Lewis,Free Air,
Sinclair Lewis,The Trail of the Hawk,
Sinclair Lewis,Main Street ; Babbitt,
Sinclair Lewis,The Innocents: A Story for Lovers,
Sinclair Lewis,World so wide,
Sinclair Lewis,The Job,
Sinclair Lewis,The Man Who Knew Coolidge,
Sinclair Lewis,Gideon Planish,
Sinclair Lewis,The prodigal parents,
Sinclair Lewis,Mantrap,
Sinclair Lewis,Cass Timberlane,
Sinclair Lewis,Hike and the Aeroplane,
Sinclair Lewis,Ann Vickers,
Sinclair Lewis,Bethel Merriday,
Sinclair Lewis,Selected short stories of Sinclair Lewis,
Sinclair Lewis,Work of Art,
Sinclair Lewis,"Go East, Young Man: Sinclair Lewis on Class in America",
Sinclair Lewis,The Cat of the Stars,
Sinclair Lewis,Moths in the Arc Light,
Sinclair Lewis,The Willow Walk,
Aleksandr Solzhenitsyn,The Gulag Archipelago,
Aleksandr Solzhenitsyn,One Day in the Life of Ivan Denisovich,
Aleksandr Solzhenitsyn,Cancer Ward,
Aleksandr Solzhenitsyn,In the First Circle,
Aleksandr Solzhenitsyn,August 1914,
Aleksandr Solzhenitsyn,Matryona's Place,
Aleksandr Solzhenitsyn,November 1916,
Aleksandr Solzhenitsyn,The Oak and the Calf,
Aleksandr Solzhenitsyn,Two Hundred Years Together,
Aleksandr Solzhenitsyn,Warning to the West,
Aleksandr Solzhenitsyn,Stories and Prose Poems,
Aleksandr Solzhenitsyn,Lenin in Zurich: Chapters,
Aleksandr Solzhenitsyn,Nobel Lecture,
Aleksandr Solzhenitsyn,Rebuilding Russia,
Aleksandr Solzhenitsyn,For the Good of the Cause,
Aleksandr Solzhenitsyn,Apricot Jam: and Other Stories,
Aleksandr Solzhenitsyn,Lettre aux dirigeants de l'Union soviétique,
Aleksandr Solzhenitsyn,An Incident at Krechetovka Station,
Aleksandr Solzhenitsyn,In the First Circle: The First Uncensored Edition,
Aleksandr Solzhenitsyn,We Never Make Mistakes,
Aleksandr Solzhenitsyn,The Mortal Danger: How Misconceptions about Russia Imperil America,
Aleksandr Solzhenitsyn,"The Gulag Archipelago, 1918-1956: An Experiment in Literary Investigation, I-IIv",
Aleksandr Solzhenitsyn,August 1914: A Novel: The Red Wheel I,
Aleksandr Solzhenitsyn,"March 1917: The Red Wheel, Node III, Book 3",
Aleksandr Solzhenitsyn,Gulag,
Fyodor Dostoevsky,Crime and Punishment,
Fyodor Dostoevsky,Demons,
Fyodor Dostoevsky,Notes from Underground,
Fyodor Dostoevsky,The Gambler,
Fyodor Dostoevsky,Poor Folk,
Fyodor Dostoevsky,Zapiski iz mertvogo doma,
Fyodor Dostoevsky,The Double,
Fyodor Dostoevsky,The Raw Youth,
Fyodor Dostoevsky,Humiliated and Insulted,
Fyodor Dostoevsky,The Eternal Husband,
Fyodor Dostoevsky,A Writer's Diary,
Fyodor Dostoevsky,The Brothers Karamazov,
Fyodor Dostoevsky,Uncle's Dream,
Fyodor Dostoevsky,The Best Short Stories of Fyodor Dostoevsky,
Fyodor Dostoevsky,The Village of Stepanchikovo,
Fyodor Dostoevsky,Netochka Nezvanova,
Fyodor Dostoevsky,The Double and the Gambler,
Fyodor Dostoevsky,Collected Works of Fyodor Dostoyevsky,
Fyodor Dostoevsky,Notes from Underground and the Double,
Fyodor Dostoevsky,Great Short Works of Fyodor Dostoevsky,
Fyodor Dostoevsky,Winter Notes on Summer Impressions,
Fyodor Dostoevsky,Poor Folk and Other Stories,
Fyodor Dostoevsky,Fiódor Dostoievski: Crimen y castigo / Los hermanos Karamazov,
Fyodor Dostoevsky,A Weak Heart,
Fyodor Dostoevsky,Polzunkov,
Sukanya Venkatraghavan,Dark Things,
Malorie Blackman,Pig-Heart Boy,
Malorie Blackman,Knife Edge,
Malorie Blackman,Double Cross,
Malorie Blackman,Black & White,
Malorie Blackman,Checkmate,
Malorie Blackman,Boys Don't Cry,
Malorie Blackman,Noughts & Crosses,
Malorie Blackman,Chasing the Stars,
Malorie Blackman,Thief!,
Malorie Blackman,Cloud Busting,
Malorie Blackman,Noble Conflict,
Malorie Blackman,Nought Forever: World Book Day 2019,
Malorie Blackman,Hacker,
Malorie Blackman,The Stuff of Nightmares,
Malorie Blackman,A.N.T.I.D.O.T.E.,
Malorie Blackman,Endgame,
Malorie Blackman,The Monster Crisp-Guzzler,
Malorie Blackman,Operation Gadgetman!,
Malorie Blackman,Contact,
Malorie Blackman,An Eye for an Eye,
Malorie Blackman,Unheard Voices,
Malorie Blackman,Tell Me No Lies,
Malorie Blackman,Jon for Short,
Malorie Blackman,Robot Girl,
Malorie Blackman,"Ellie, and the Cat!",
Malorie Blackman,The Deadly Dare Mysteries,
Malorie Blackman,Dangerous Reality,
Malorie Blackman,Betsey Biggalow Is Here!,
Malorie Blackman,Trust Me,
Malorie Blackman,Hostage,
Malorie Blackman,Snow Dog,
Malorie Blackman,A Dangerous Game,
Malorie Blackman,Dead Gorgeous,
Malorie Blackman,Betsey's Birthday Surprise,
Robert H. Bishop,Mechatronics: An Introduction,
Robert H. Bishop,Learning With Labview,
Robert H. Bishop,"Mechatronic System Control, Logic, and Data Acquisition (The Mechatronics Handbook, Second Edition)",
Robert H. Bishop,"Mechatronic Systems, Sensors, and Actuators: Fundamentals and Modeling (The Mechatronics Handbook, Second Edition)",
Robert H. Bishop,The Mechatronics Handbook - 2 Volume Set (Mechatronics Handbook 2e),
Robert H. Bishop,Modern Control Systems,
Robert H. Bishop,Aerospace Engineering Handbook (Electrical Engineering Handbook),
Robert H. Bishop,Learning With Labview Pearson Etext Access Card,
Robert H. Bishop,Modern Control Systems Analysis and Design Using MATLAB and SIMULINK,
Robert H. Bishop,Learning with LabVIEW 7 Express,
Robert H. Bishop,LabVIEW 7 Express Student Edition,
Robert H. Bishop,Learning with LabVIEW,
Robert H. Bishop,Learning with LabVIEW 2009,
Alan V. Oppenheim,Discrete-Time Signal Processing: Pearson New International Edition PDF eBook,
Alan V. Oppenheim,"Signals, Systems and Inference, eBook, Global Edition",
Alan V. Oppenheim,Signals and systems,
Alan V. Oppenheim,Multi Pack: Signals and Systems (International Edition) with Computer Explorations in Signals and Systems Using MATLAB,
Alan V. Oppenheim,"Signals And Systems, 2Nd Edn",
Alan V. Oppenheim,Advanced Topics in Signal Processing,
Alan V. Oppenheim,Discrete-Time Signal Processing,
Alan V. Oppenheim,Papers on Digital Signal Processing (The MIT Press),
Alan V. Oppenheim,Digital Signal Processing,
Alan V. Oppenheim,Computer Based Exer Signal Pro Matlab: Matlab Curriculum,
Alan V. Oppenheim,Applications of Digital Signal Processing (Prentice-Hall signal processing series),
Alan V. Oppenheim,Signals. Systems and Reasoning,
Alan V. Oppenheim,Computer-Based Exercises for Signal Processing Using MATLAB Ver.5,
Alan V. Oppenheim,Adaptive Array Processing in Uncertain Inhomogeneous Media 1992-1993,
Ronald W. Schafer,Discrete-Time Signal Processing: International Edition,
Ronald W. Schafer,Discrete-Time Signal Processing (Prentice-hall Signal Processing Series),
Ronald W. Schafer,Digital Signal Processing,
Ronald W. Schafer,An Introduction to Digital Speech Processing (Foundations and Trends(r) in Signal Processing),
Ronald W. Schafer,"Mathematical Morphology and Its Applications to Image and Signal Processing (Computational Imaging and Vision, 5)",
Ronald W. Schafer,"Multidimensional Digital Signal Processing, Devices for Information Processing, and Electromagnetic Analysis and Measurement",
Ronald W. Schafer,Multidimensional Digital Signal Processing Optical Devices for Information Processing and Electromagnetic Analysis and Measurement,
Ronald W. Schafer,"Two-Dimensional Signal Processing, Optical Information Storage and Processing, and Electromagnetic Measurements",
Ronald W. Schafer,Speech Analysis (IEEE Press selected reprint series),
Ronald W. Schafer,ECHO REMOVAL BY DISCRETE GENERALIZED LINEAR FILTERING,
Ronald W. Schafer,Routledge Studies in US Foreign Policy (50 Book Series),
Ronald W. Schafer,DSP First,
Ronald W. Schafer,Discrete-Time Signal Processing (Prentice-Hall Signal Processing Series),
Ronald W. Schafer,Digital Voice Processing Theory and Applications (English),
Constantine A. Balani,Antenna Theory: Analysis and Design,
Constantine A. Balani,Advanced Engineering Electromagnetics,
Constantine A. Balani,Introduction to Smart Antennas (Synthesis Lectures on Antennas),
Constantine A. Balani,Reconfigurable Antennas (Synthesis Lectures on Antennas and Propagation),
Constantine A. Balani,Synthesis Series in Computational Electromagnetics Volume 1,
Constantine A. Balani,Support Vector Machines for Antenna Array Processing and Electromagnetics (Lectures on Computational Electromagnetics),
Constantine A. Balani,Higher-order FDTD Schemes for Waveguides and Antenna Structures (Synthesis Lectures on Computational Electromagnetics),
Constantine A. Balani,Tunable Materials with Applications in Antennas and Microwaves (Synthesis Lectures on Antennas),
Bibhutibhushan Bandopadhyay,Pather Panchali,
Bibhutibhushan Bandopadhyay,Aranyak,
Bibhutibhushan Bandopadhyay,Chander Pahar,
Bibhutibhushan Bandopadhyay,Aam Antir Bhenpu,
Bibhutibhushan Bandopadhyay,Taranath Tantrik,
Bibhutibhushan Bandopadhyay,Adarsha Hindu Hotel,
Bibhutibhushan Bandopadhyay,Debjan,
Bibhutibhushan Bandopadhyay,Mismider Kabach,
Bibhutibhushan Bandopadhyay,Aparajito,
Bibhutibhushan Bandopadhyay,Hire Manik Jale,
Bibhutibhushan Bandopadhyay,Malancha,
Bibhutibhushan Bandopadhyay,Padak,
Bibhutibhushan Bandopadhyay,Meghamala,
Bibhutibhushan Bandopadhyay,Marytirtha Hinglaj,
Bibhutibhushan Bandopadhyay,Ichamati,
Bibhutibhushan Bandopadhyay,Bipiner Sangsar,
Bibhutibhushan Bandopadhyay,Drishti Pradeep,
Bibhutibhushan Bandopadhyay,Anubartan,
Bibhutibhushan Bandopadhyay,Kedar Raja,
Bibhutibhushan Bandopadhyay,Nabagato,
Sharat Chandra Chattopadhyay,Aalo O Chhaya,
Sharat Chandra Chattopadhyay,Abhagir Swargo,
Sharat Chandra Chattopadhyay,Path Nirdesh,
Sharat Chandra Chattopadhyay,Anupamar Prem,
Sharat Chandra Chattopadhyay,Anuradha,
Sharat Chandra Chattopadhyay,Swami,
Sharat Chandra Chattopadhyay,Andhare Aalo,
Sharat Chandra Chattopadhyay,Balya Smriti,
Sharat Chandra Chattopadhyay,Mahesh,
Sharat Chandra Chattopadhyay,Lalu,
Sharat Chandra Chattopadhyay,Darpochurna,
Sharat Chandra Chattopadhyay,Paresh,
Sharat Chandra Chattopadhyay,Ramer Shumoti,
Sharat Chandra Chattopadhyay,Chobi,
Sharat Chandra Chattopadhyay,Mejdidi,
Sharat Chandra Chattopadhyay,Kashinath,
Sharat Chandra Chattopadhyay,Mamlar Fol,
Sharat Chandra Chattopadhyay,Mandir,
Sharat Chandra Chattopadhyay,Rama,
Sharat Chandra Chattopadhyay,Bijoya,
Shirshendu Mukhopadhyay,Ghunpoka,
Shirshendu Mukhopadhyay,Parthibo,
Shirshendu Mukhopadhyay,Maanabjamin,
Shirshendu Mukhopadhyay,Parapar,
Shirshendu Mukhopadhyay,Nayan Shyama,
Shirshendu Mukhopadhyay,Bangaler America Darshan,
Shirshendu Mukhopadhyay,Ekadashi O Bhut,
Shirshendu Mukhopadhyay,Charadik,
Shirshendu Mukhopadhyay,Akranta,
Shirshendu Mukhopadhyay,Pherighaat,
Shirshendu Mukhopadhyay,Madhur Janya,
Shirshendu Mukhopadhyay,Ashukher Pare,
Shirshendu Mukhopadhyay,Aadam Eve O Andhakar,
Shirshendu Mukhopadhyay,Ujan,
Shirshendu Mukhopadhyay,Kagajer Bou,
Shirshendu Mukhopadhyay,Kapurushh,
Shirshendu Mukhopadhyay,Gaynar Bakso,
Shirshendu Mukhopadhyay,Gati,
Shirshendu Mukhopadhyay,Churi,
Shirshendu Mukhopadhyay,Chokh,
Tarashankar Bandopadhyay,Chaitali Ghurni,
Tarashankar Bandopadhyay,Pashanpuri,
Tarashankar Bandopadhyay,Nilkantha,
Tarashankar Bandopadhyay,Raikamal,
Tarashankar Bandopadhyay,Prem O Prayojon,
Tarashankar Bandopadhyay,Aagun,
Tarashankar Bandopadhyay,Dhatridebata,
Constantine A. Balani,"Frequency and Transient Characteristics of MMIC Transmission Lines, Circuits and Antennas",
Constantine A. Balani,Modern Antenna Handbook,
Constantine A. Balani,Aircraft antenna analysis and microwave landing system (MLS) applications,
Robert. C. Martin,Clean Architecture: A Craftsman's Guide to Software Structure and Design,
Robert. C. Martin,The Clean Coder,
Robert. C. Martin,Clean Code,
Robert. C. Martin,Clean Agile: Back to Basics (Robert C. Martin Series),
Robert. C. Martin,"The Software Craftsman: Professionalism, Pragmatism, Pride",
Robert. C. Martin,"More C++ Gems: 17 (SIGS Reference Library, Series Number 17)",
Robert. C. Martin,Designing Object Oriented C++ Applications Using The Booch Method,
Robert. C. Martin,"Value Pack: Software Engineering with Agile Software Development, Principles, Patterns and Practices",
Robert. C. Martin,The Perfect Host,
Robert. C. Martin,Coincidence,
Robert. C. Martin,"Agile Principles, Patterns, and Practices in C#",
Robert. C. Martin,Reminiscing!,
Gregor Hohpe,The Software Architect Elevator: Redefining the Architect's Role in the Digital Enterprise (Greyscale Indian Edition),
Gregor Hohpe,"Enterprise Integration Patterns: Designing, Building and Deploying Messaging Solutions (Addison Wesley Signature Series) (Addison Wesley Signature Series (Old Edition))",
Gregor Hohpe,37 Things One Architect Knows About IT Transformation: A Chief Architect's Journey,
Gregor Hohpe,Cloud Strategy: A Decision-Based Approach to Successful Cloud Migration,
Gregor Hohpe,"Enterprise Integration Patterns, Vol 2: Conversation Patterns",
Tarashankar Bandopadhyay,Dhatridebata,
Tarashankar Bandopadhyay,Kalindi,
Tarashankar Bandopadhyay,Ganadebata,
Tarashankar Bandopadhyay,Panchagram,
Tarashankar Bandopadhyay,Manvantar,
Tarashankar Bandopadhyay,Kavi,
Tarashankar Bandopadhyay,Bingsho Shatabdi,
Tarashankar Bandopadhyay,Sandipan Pathshala,
Tarashankar Bandopadhyay,Jhar O Jharapata,
Tarashankar Bandopadhyay,Abhijan,
Tarashankar Bandopadhyay,Chhotoder Sandipan Pathshala,
Tarashankar Bandopadhyay,Padachihna,
Tarashankar Bandopadhyay,Uttarayan,
Tarashankar Bandopadhyay,Hansuli Banker Upakatha,
Michel Madhusudan Dutta,Meghnad Badh Kavya,
Michel Madhusudan Dutta,King Porus,King Porus
Michel Madhusudan Dutta,The Captive Ladie,
Michel Madhusudan Dutta,Ratul Potra,
Michel Madhusudan Dutta,Sharmista,
Michel Madhusudan Dutta,Padmavati,
Michel Madhusudan Dutta,Ekei Ki Boley Sabyota,
Michel Madhusudan Dutta,Krishna Kumari,
Michel Madhusudan Dutta,Buro Shaliker Ghare Ron,
Michel Madhusudan Dutta,Tilottama Sambhava Kavya,
Michel Madhusudan Dutta,Brajagana Kavya,
Michel Madhusudan Dutta,Veerangana Kavya,
Michel Madhusudan Dutta,Ratnavali,
Michel Madhusudan Dutta,Nil Darpan,
Michel Madhusudan Dutta,Choturdoshpodi Kobitaboli,
Michel Madhusudan Dutta,"Rizia, the Sultana",
Michel Madhusudan Dutta,Rosalo Sornolatika,
Michel Madhusudan Dutta,Bongobani,
Michel Madhusudan Dutta,Bongo bhumir prati,
Ishwar Chandra Bandopadhyay,Barnaparichay,
Ishwar Chandra Bandopadhyay,Kathamala,
Ishwar Chandra Bandopadhyay,Charitabali,
Ishwar Chandra Bandopadhyay,Shakuntala,
Ishwar Chandra Bandopadhyay,Bhrantibilas,
Ishwar Chandra Bandopadhyay,Betal Panchabingshati,
Ishwar Chandra Bandopadhyay,Akshyanmanjari,
Ishwar Chandra Bandopadhyay,Jibancharit,
Ishwar Chandra Bandopadhyay,Nitibodh,
Ishwar Chandra Bandopadhyay,Bodhodoy,
William Shakespeare,Macbeth,
William Shakespeare,Othello,
William Shakespeare,Romeo Juliet,
William Shakespeare,Julius Caeser,
William Shakespeare,Hamlet,
William Shakespeare,King Lear,
William Shakespeare,The Merchant of Venice,
William Shakespeare,The Taming of the Shrew,
William Shakespeare,Twelfth Night,
William Shakespeare,As you Like It,
William Shakespeare,A Midsummer Night's Dream,
William Shakespeare,The Tempest,
William Shakespeare,The Winter's Tale,
William Shakespeare,Much Ado About Nothing,
William Shakespeare,Pericles,
William Shakespeare,The Comedy of Errors,
William Shakespeare,Measure for Measure,
William Shakespeare,Two Gentleman of Verona,
William Shakespeare,All's Well That Ends Well,
William Shakespeare,Timon of Athens,
Arthur Conan Doyle,A Scandal in Bohemia,
Arthur Conan Doyle,The Red-Headed League,
Arthur Conan Doyle,A Case of Identity,
Arthur Conan Doyle,The Boscombe Valley Mystery,
Arthur Conan Doyle,The Five Orange Pips,
Arthur Conan Doyle,The Man with the Twisted Lip,
Arthur Conan Doyle,The Adventure of the Blue Carbuncle,
Arthur Conan Doyle,The Adventure of the Speckled Band,
Arthur Conan Doyle,The Adventure of the Engineer's Thumb,
Arthur Conan Doyle,The Adventure of the Noble Bachelor,
Arthur Conan Doyle,The Adventure of the Beryl Coronet,
Arthur Conan Doyle,The Adventure of the Copper Beeches,
Arthur Conan Doyle,The Adventure of Silver Blaze,
Arthur Conan Doyle,The Adventure of the Cardboard Box,
Arthur Conan Doyle,The Adventure of the Yellow Face,
Arthur Conan Doyle,The Adventure of the Stockbroker's Clerk,
Arthur Conan Doyle,The Adventure of the Gloria Scott,
Arthur Conan Doyle,The Adventure of the Musgrave Ritual,
Arthur Conan Doyle,The Adventure of the Reigate Squire,
Arthur Conan Doyle,The Adventure of the Crooked Man,
Henry Petroski,The Evolution of Useful Things,
Henry Petroski,To Engineer Is Human: The Role of Failure in Successful Design,
Henry Petroski,Beyond Engineering: Essays and Other Attempts to Figure without Equations,
Henry Petroski,The Pencil: A History of Design and Circumstance,
Henry Petroski,Design Paradigms: Case Histories of Error and Judgment in Engineering,
Henry Petroski,Engineers of Dreams: Great Bridge Builders and The Spanning of America,
Henry Petroski,Invention by Design: How Engineers Get from Thought to Thing,
Henry Petroski,Remaking the World: Adventures in Engineering,
Henry Petroski,The Book on the Bookshelf,
Henry Petroski,Paperboy: Confessions of a Future engineer,
Henry Petroski,Small Things Considered: Why There Is No Perfect Design,
Henry Petroski,Pushing the Limits: New Adventures in Engineering,
Henry Petroski,Success Through Failure: The Paradox of Design.,
Henry Petroski,The Toothpick: Technology and Culture.,
Henry Petroski,The Essential Engineer: Why Science Alone Will Not Solve Our Global Problems.,
Henry Petroski,The Engineer's Alphabet: Gleanings from the Softer Side of a Profession.,
Henry Petroski,To Forgive Design: Understanding Failure,
Henry Petroski,The House with Sixteen Handmade Doors: A Tale of Architectural Choice and Craftsmanship,
Henry Petroski,The Road Taken: The History and Future of America's Infrastructure,
Donald Arthur Norman,The Design of Everyday Things. Revised and expanded.,
Donald Arthur Norman,Living with Complexity,
Donald Arthur Norman,The Design of Future Things,
Donald Arthur Norman,Emotional Design: Why We Love (or Hate) Everyday Things,
Donald Arthur Norman,"The Invisible Computer: Why Good Products Can Fail, the Personal Computer Is So Complex, and Information Appliances Are the Solution",
Donald Arthur Norman,"The Invisible Computer: Why Good Products Can Fail, the Personal Computer Is So Complex, and Information Appliances Are the Solution",
Donald Arthur Norman,Things That Make Us Smart: Defending Human Attributes In The Age Of The Machine,
Donald Arthur Norman,Things That Make Us Smart: Defending Human Attributes In The Age Of The Machine,
Donald Arthur Norman,The Psychology of Everyday Things,
Saeed Moaveni,Engineering Fundamentals: An Introduction to Engineering,
Saeed Moaveni,Finite Element Analysis: Theory and Application with ANSYS,
Saeed Moaveni,"Energy, Environment, and Sustainability",
David Blockley,Bridges : The Science and Art of the World's Most Inspiring Structures,
David Blockley,Engineering: A Very Short Introduction,
David Blockley,Structural Engineering: A Very Short Introduction,
David Blockley,Building Bridges: Between Theory and Practice,
David Blockley,Doing It Differently : Systems for Rethinking Construction,
David Blockley,Penguin Dictionary Of Civil Engineering,
David Blockley,"Creativity, Problem Solving, and Aesthetics in Engineering: Today's Engineers Turning Dreams Into Reality",
Eugene S. Ferguson,Engineering and the Mind's Eye,
Eugene S. Ferguson,Kinematics of mechanisms from the time of Watt,
Eugene S. Ferguson,Bibliography of the history of technology,
Eugene S. Ferguson,Truxtun of the Constellation,
Eugene S. Ferguson,John Ericsson and the age of caloric,
Eugene S. Ferguson,"Oliver Evans, Inventive Genius of the American Industrial Revolution",
Eugene S. Ferguson,"Commodore Thomas Truxtun, 1755-1822",
Patty O'Brien Novak,Engineering the ABCs,
David McCullough,1776 America and Britain at war,
David McCullough,"The Path Between the Seas: The Creation of the Panama Canal, 1870–1914",
David McCullough,Mornings on Horseback,
David McCullough,Brave Companions: Portraits in History,
David McCullough,Truman,
David McCullough,John Adams.,
David McCullough,The Greater Journey: Americans in Paris,
David McCullough,The American Spirit: Who We Are and What We Stand For,
Richard Weingardt,Engineering Legends : Great American Civil Engineers: (32 Profiles of Inspiration and Achievement),
Richard Weingardt,Circles in the Sky : The Lifeand Times of George Ferris,
Richard Weingardt,Engineering Colorado : History of Consulting Engineers Council of Colorado,
Richard Weingardt,"Raut: Teacher, leader, engineer : remembering Roland Rautenstraus, P.E., the twelfth president of the University of Colorado",
Richard Weingardt,Forks in the Road : Impacting the World Around Us,
Richard Weingardt,Sound the Charge,
Louis L. Bucciarelli,Engineering Mechanics for Structures (Dover Civil and Mechanical Engineering),
Louis L. Bucciarelli,Designing Engineers (Inside Technology),
Eliyahu Goldratt,The Goal: A Process of Ongoing Improvement.,
Eliyahu Goldratt,It's Not Luck.,
Eliyahu Goldratt,Critical Chain,
Eliyahu Goldratt,Necessary But Not Sufficient.,
Eliyahu Goldratt,Late Night Discussions on the Theory of Constraints,
Eliyahu Goldratt,The Race,
Eliyahu Goldratt,Essays on the Theory of Constraints,
Eliyahu Goldratt,What is this Thing Called Theory of Constraints.,
Eliyahu Goldratt,The Haystack Syndrome: Sifting Information Out of the Data Ocean.,
Eliyahu Goldratt,Production the TOC Way,
Stephanie Slocum,"She Engineers: Outsmart Bias, Unlock your Potential, and Create the Engineering Career of your Dreams",
Brian Bunnell,Mechanical Engineering for Makers: A Hands-on Guide to Designing and Making Physical Things ,
Brian Bunnell,Basic Machines and How They Work,
Jonathan Wickert,An Introduction to Mechanical Engineering,
Jonathan Wickert,An Introduction to Mechanical Engineering,
Jonathan Wickert,"An Introduction to Mechanical Engineering + Lms Integrated for Mindtap Engineering, 1 Term 6 Months Access Card, Si Edition",
Jonathan Wickert,"MindTap Engineering, 2 terms (12 months) Printed Access Card for Wickert/Lewis' An Introduction to Mechanical Engineering, SI Edition, 4th (MindTap Course List) Digital – 9 May 2016",
Frederick P. Brooks Junior,The Design of Design,
Frederick P. Brooks Junior,The Mythical Man-Month,
Frederick P. Brooks Junior,Automatic Data Processing,
Frederick P. Brooks Junior,Computer Architecture: Concepts and Evolution,
Frederick P. Brooks Junior,No Silver Bullet – Essence and Accident in Software Engineering,
Victor Papanek,Design for Human Scale,
Victor Papanek,Design for the Real World,
Victor Papanek,The Green Imperative,
Victor Papanek,How Things Don't Work,
Victor Papanek,Nomadic Furniture,
Victor Papanek,Nomadic Furniture 2,
Tracy Kidder,Mountains Beyond Mountains,
Tracy Kidder,The Soul of a New Machine,
Tracy Kidder,Among Schoolchildren,
Tracy Kidder,Strength in What Remains,
Tracy Kidder,Home town,
Tracy Kidder,My Detachment,
Tracy Kidder,A Truck Full of Money,
Tracy Kidder,Old Friends,
Tracy Kidder,House ,
Tracy Kidder,Eagle,
Tracy Kidder,Good Prose: The Art of Nonfiction,
Tracy Kidder,The Best American Essays,
Tracy Kidder,Montanas,
Mario Salvadori,Why Buildings Stand Up,
Mario Salvadori,Structure in Architecture: The Build of Buildings,
Mario Salvadori,The Art of Contruction: Projects and Principles for Beginning Engineers and Architects,
Mario Salvadori,Why Buildings Fall Down: How Structures Fail,
Mario Salvadori,Structural Design in Architecture,
Mario Salvadori,Math Games for Middle School: Challenges and Skill-builders for Students of Every Level,
Mario Salvadori,Why the Earth Quakes,
Mario Salvadori,Building: The Fight Against Gravity,
Mario Salvadori,"Earthquakes, Volcanoes, and Tsunamis: Projects and Principles for Beginning Geologists",
Mario Salvadori,Numerical Methods in Engineering,
Mario Salvadori,Architecture and Engineering,
Mario Salvadori,Numerical Methods in FORTRAN,
Mario Salvadori,The Mathematical Solution of Engineering Problems,
Mario Salvadori,Mathematics in Architecture,
Mario Salvadori,Statics and Strength of Structures,
Mario Salvadori,Differential Equations in Engineering Problems,
Claus Borgnakke,Fundamentals of Thermodynamics,
Claus Borgnakke,Thermodynamic and Transport Properties,
Claus Borgnakke,Borgnakke's Fundamentals of Thermodynamics,
Claus Borgnakke,Fundamentals of Classical Thermodynamics,
Claus Borgnakke,Introduction to Engineering Thermodynamics,
Claus Borgnakke,Thermodynamics Databook,
Claus Borgnakke,Fundamentals of Thermodynamics: Work Example Supplement,
Claus Borgnakke,Fundamentals of Thermodynamics: 6th Edition with CD,
Claus Borgnakke,Fundamentals of Engineering Thermodynamics,
Claus Borgnakke,Tables of Thermodynamics and Transport Properties,
Claus Borgnakke,Solutions Manual to Accompany Fundamentals of Thermodynamics: Chapters 2-9,
Claus Borgnakke,Thermodynamics 7E for Kettering University,
Claus Borgnakke,Thermodynamics 8E with Fundamentals,
"V. Carl, G. Zvonko, S. G. Zaky",Computer organization,
"B. Brey, C. R. Sarma",The Intel microprocessors,
"J. L. Hennessy, D. A. Patterson",Computer Architecture: A Quantitative Approach,
"Patrick Crowley,Peter Barry","Modern Embedded Computing: Designing Connected, Pervasive, Media-Rich Systems",
"Y. C. Lieu, G. A. Gibson",Microcomputer Systems: The 8086/8088 Family,
J. Uffenbeck,"The 8086/8088 Design, Programming, Interfacing",
"John E. Hopcroft, Rajeev Motwani, Jeffrey D. Ullman","Introduction to Automata Theory, Languages, and Computation",
Harry R. Lewis and Christos H. Papadimitriou,Elements of the Theory of Computation,
Michael Sipser,Introduction to the Theory of Computation,
"Thomas H Cormen, Charles E Lieserson, Ronald L Rivest, Clifford Stein","Introduction to Algorithms, 4TH Edition",
"MP Poonia, S. C. Sharma",Environmental Studies,
"Gil Masters, Wendell Phillips Ela",Introduction to environmental engineering and science,
Anil Kumar De,Environmental Chemistry,
"M. Umaparvathi, N. Chandrasekaran",Discrete Mathematics,
"Gary Chartrand, Ping Zhang",Introduction To Graph Theory,
"S. Lipschutz, M. L. Lipson",Schaum's Outline of Theory and Problems of Discrete Mathematics,
R. C. Penner,Discrete Mathematics: Proof Techniques and Mathematical Structures,
"Valentin Goranko, Willem Conradie",Logic and Discrete Mathematics: A Concise Introduction,
David J. Griffiths,Introduction to Electrodynamics,
"David Halliday, Robert Resnick Jearl Walker , Wiley",Principles of Physics,
Wayne M. Saslow,"Electricity, Magnetism, and Light",
"S. Timoshenko, D.H. Young, J.V. Rao, Sukumar Pati",Engineering Mechanics (In SI Units) (SIE),
"R Takwale, P Puranik",Introduction to Classical Mechanics,
M.K. Harbola,Engineering Mechanics,
"David Kleppner, Robert Kolenkow",An Introduction to Mechanics (SIE),
John L. Synge and Byron A. Griffith,Principles of mechanics,
J. P. Den Hartog,Mechanics (Dover Books on Physics),
"L.G. Kraige J.L. Meriam, Wiley","Engineering Mechanics: Dynamics,",
"Robert Eisberg, Robert Resnick, Wiley","Quantum Physics of Atoms, Molecules, Solids, Nuclei and Particles",
J. Griffiths David,Introduction to Quantum Mechanics,
J. J. Sakurai,Modern Quantum Mechanics,
Hecht,Optics,
Reif,Fundamentals of Statistical and Thermal Physics,
Pathria,Statistical Mechanics,
"L.D.Landau , E.M. Lifshitz, Butterworth-Heinemann",Statistical Physics,
Satyaprakash,Engineering Chemistry,
B.H Mahan,University chemistry,
M. J. Sienko and R. A. Plane,Chemistry: Principles and Applications,
C. N. Banwell,Fundamentals of Molecular Spectroscopy,
"B. L. Tembe, Kamaluddin and M. S. Krishnan",Engineering Chemistry,
P. W. Atkins,Physical Chemistry,
P.S.Kalsi,Spectroscopy of Organic Compounds,
P. C. Rakshit,Physical Chemistry,
K. P. C. Volhardt and N. E. Schore,Organic Chemistry: Structure and Function,
Reena Garg,Engineering Mathematics-I,
Erwin Kreyszig,Advanced Engineering Mathematics,
Michael Greenberg,Advanced Engineering Mathematics,
B.S. Grewa,Higher Engineering Mathematics,
Kanti B. Dutta,Mathematical Methods of Science and Engineering,
Veerarajan T.,Engineering Mathematics for first year,
S.K. Mapa,Higher Algebra: Abstract and Linear,
Hoffman and Kunze,Linear algebra,
Ritu Sahdev,Basic Electrical Engineering,
D. P. Kothari and I. J. Nagrath,Basic Electrical Engineering,
D. C. Kulshreshtha,Basic Electrical Engineering,
L. S. Bobrow,Fundamentals of Electrical Engineering,
E. Hughes,Electrical and Electronics Technology,
E. Hughes,Electrical and Electronics Technology,
V. D. Toro,Electrical Engineering Fundamentals,
Sedra & Smith,Microelectronics Engineering,
A.K. Maini,Analog Electronics,
L.K. Maheswari,Analog Electronics,
B L Thereja & Sedha,Principles of Electronic Devices & circuits,
Kharate,Digital Electronics,
J.Bigmell & R.Donovan,Digital Electronics – Logic & Systems,
D.J.Comer,Digital Logic and State Machine Design (3rd Edition),
Boyelstad & Nashelsky,Electronic Devices & Circuit Theory,
Bell,Linear IC & OP AMP,
P.Raja,Digital Electronics,
Morries Mano,Digital Logic Design,
R.P.Jain,Modern Digital Electronics,
H.Taub & D.Shilling,Digital Integrated Electronics,
D.RayChaudhuri,Digital Circuits-Vol-I & II,
"Tocci, Widmer, Moss",Digital Systems,
J.Bignell & R.Donovan,Digital Electronics,
Leach & Malvino,Digital Principles & Application,
Floyed & Jain,Digital Fundamentals,
"Robert L. Kruse, Bruce P. Leung",Data Structures and Program Design In C,
R.S.Salaria,Data Structures and Algorithms using C,
"Ellis Horowitz, Sartaj Sahni, Susan Anderson",Fundamentals of Data Structures of C,
Aaron M. Tenenbaum,Data Structures in C,
S. Lipschutz,Data Structures,
Reema Thareja,Data Structures Using C,
"A.K. Rath, A. K. Jagadev",Data Structure Using C,
"Thomas H. Cormen, Charles E. Leiserson, Ronald L.Rivest, Clifford Stein",Introduction to Algorithms,
Yashwant Kanetkar,Data Structures through C,
R.B Patel,Expert Data Structures with C++,
"Mano, M.M.",Computer System Architecture,
Behrooz Parhami,Computer Architecture,
Hayes J. P.,Computer Architecture & Organisation,
"N. senthil Kumar, M. Saravanan, S. Jeevananthan",Microprocessors and Microcontrollers,
Chaudhuri P. Pal,Computer Organisation & Design,
P N Basu,Computer Organization & Architecture,
Rajaraman,Computer Organization & Architecture,
B.Ram,Computer Organization & Architecture,
S. K. Mapa,Higher Algebra,
Chakravorty and Ghosh,Advanced Higher Algebra,
S. L. Loney,Co-ordinate Geometry,
Das and Mukherjee,Integral Calculus,
Das and Mukherjee,Differential Calculus,
E Kreyszig,Advanced Engineering Mathematics,
Chandrika Prasad & Reena Garg,Advanced Engineering Mathematics,
"James L.Riggs, David D. Bedworth, Sabah U. Randhawa",Economics for Engineers,
"Donald Newnan, Ted Eschembach, Jerome Lavelle",Engineering Economics Analysis,
"John A. White, Kenneth E. Case, David B. Pratt",Principle of Engineering Economic Analysis,
Sullivan and Wicks,Engineering Economy,
R.Paneer Seelvan,Engineering Economics,
Michael R Lindeburg,Engineering Economics Analysis,
Premvir Kapoor,Sociology & Economics for Engineers,
I.G.Nagrath,Analog Electronics,
Pressman,Software Engineering : A practitioner’s approach,
Pankaj Jalote,Software Engineering,
N.S. Gill,Software Engineering,
Rajib Mall,Software Engineering,
Agarwal and Agarwal,Software Engineering,
Sommerville,Software Engineering,
Martin L. Shooman,Software Engineering,
"Aho, Sethi, Ullman","Compiler Principles, Techniques and Tools",
Holub,Compiler Design in C,
"AviSilberschatz, Peter Galvin, Greg Gagne",Operating System Concepts Essentials,
William Stallings,Operating Systems: Internals and Design Principles,
Ekta Walia,Operating System Concepts,
Charles Crowley,Operating System: A Design-oriented Approach,
"Gary J. Nutt, Addison- Wesley",Operating Systems: A Modern Perspective,
Maurice Bach,Design of the Unix Operating Systems,
"Daniel P. Bovet,Marco Cesati, O'Reilly and Associates",Understanding the Linux Kernel,
"Rambaugh, James Michael, Blaha",Object Oriented Modelling and Design,
Ali Bahrami,Object Oriented System Development,
"Patrick Naughton, Herbert Schildt",The complete reference-Java2,
R.K Das,Core Java For Beginners,
Deitel and Deitel,Java How to Program,
Ivor Horton,Beginning Java 2,
E. Balagurusamy,Programming With Java: A Primer,
L.S. Srinath,CPM & PERT principles and Applications,
Buffa,Modern Production Management,
N. Nair,Materials Management,
O. P. Khanna,Industrial Engineering & Management,
Mikes,Value Analysis,
S.C. Sharma,Engineering Management – Industrial Engineering & Management,
Hopcroft H.E.and Ullman J. D,Introduction to Automata Theory Language and Computation,
R.B Patel,Theory of Computation,
Mishra and Chandra shekaran,Theory of Computer Science,
C.K.Nagpal,Formal Languages and Automata Theory,
ZVI Kohavi,Switching & Finite Automata,
"Daniel I.A. Cohen, John Wiley",Introduction to Computer Theory,
John C Martin,Introduction to languages and the Theory of Computation,
Lewis H.P. & Papadimitrou,Elements of Theory of Computation,
Kai Hwang and A. .Brigggs,Computer Architecture and Parallel Processing,
"D. Sima, T. fountain, P. Kacsuk",Advanced Computer Architecture,
"D. Culler, J.P.Singh, A.Gupta",Parallel Computer Architecture,
"Hearn, Baker",Computer Graphics,
"Z. Xiang, R. Plastock",Schaum’s outlines Computer Graphics,
"D. F. Rogers, J. A. Adams",Mathematical Elements for Computer Graphics,
Ritch & Knight,Artificial Intelligence,
Stuart Russel Peter Norvig,Artificial Intelligence A Modern Approach,
Patterson,Introduction to Artificial Intelligence & Expert Systems,
Poole,Computational Intelligence,
Saroj Kaushik,Logic & Prolog Programming,
Giarranto,Expert Systems,
M.C. Trivedi,Artificial Intelligence,